<?xml version="1.0" encoding="UTF-8" standalone="yes"?>
<addon id="plugin.video.Mytv"                                                                                                                                    
	   name="Mytv"                                                 
	   version="1.0.3"                                                                                                                                        
	   provider-name="TvGuy">
  <requires>
    <import addon="xbmc.python" version="2.1.0"/>
	<import addon="script.module.requests"/>
  </requires>
  <extension point="xbmc.python.pluginsource"
            library="default.py">
        <provides>video</provides>
  </extension>
  <extension point="xbmc.addon.metadata">
    <summary lang="he">Live TV</summary>
    <description lang="he">Live TV</description>
    <platform>all</platform>
  </extension>
</addon>