<?xml version="1.0" encoding="UTF-8" standalone="yes"?>
<addon id="repository.Shadow" name="Shadow_Repo" version="1.1" provider-name="Shadowoneb">
	<extension point="xbmc.addon.repository" name="shadow_repo">
		<info compressed="false">https://raw.githubusercontent.com/shadowoneb/shadowoneb.github.io/master/repository/addons.xml</info>
		<checksum>https://raw.githubusercontent.com/shadowoneb/shadowoneb.github.io/master/repository/addons.xml.md5</checksum>
		<datadir zip="true">https://github.com/shadowoneb/shadowoneb.github.io/raw/master/repository/zips</datadir>
	</extension>
	<extension point="xbmc.addon.metadata">
		<summary>shadow Repo IS back</summary>
		<description>shadow Repo IS back</description>
		<platform>all</platform>
	</extension>
</addon>

